Symbol,Name,Price,Change,% change,Volume,50 Days Average,200 Day Average,
KARS,KraneShares Electric Vehicles and Future Mobility Index ETF,21.46,+0.35,+1.66%,"7,459",22.15,25.76,
ECH,iShares MSCI Chile ETF,26.27,+0.38,+1.47%,"148,914",26.13,26.90,
CHIQ,Global X MSCI China Consumer Discretionary ETF,17.06,+0.24,+1.46%,"56,880",16.93,17.82,
KBWP,Invesco KBW Property & Casualty Insurance ETF,101.92,+1.30,+1.29%,"66,443",102.97,91.41,
EPU,iShares MSCI Peru ETF,39.88,+0.48,+1.22%,"9,890",37.37,33.07,
KIE,SPDR S&P Insurance ETF,48.28,+0.56,+1.17%,"581,345",49.72,45.23,
ATMP,Barclays ETN+ Select MLP ETN,23.61,+0.27,+1.14%,"10,356",23.12,21.61,
IAK,iShares U.S. Insurance ETF,110.64,+1.10,+1.00%,"74,403",112.44,99.65,
IHF,iShares U.S. Healthcare Providers ETF,51.54,+0.47,+0.93%,"67,289",53.04,51.51,
MLPX,Global X MLP & Energy Infrastructure ETF,47.51,+0.43,+0.91%,"93,592",46.81,44.15,
PEY,Invesco High Yield Equity Dividend Achievers ETF,19.54,+0.17,+0.88%,"192,522",19.90,19.85,
CEFS,Saba Closed-End Funds ETF,19.63,+0.17,+0.87%,"56,031",19.96,18.73,
TPYP,Tortoise North American Pipeline Fund,27.04,+0.23,+0.84%,"16,174",26.95,25.72,
EEMS,iShares MSCI Emerging Markets Small-Cap ETF,58.23,+0.48,+0.83%,"12,133",58.58,56.31,
SDCI,USCF SummerHaven Dynamic Commodity Strategy No K-1 Fund,19.68,+0.16,+0.83%,"9,894",18.54,18.25,
GOAU,U.S. Global GO GOLD and Precious Metal Miners ETF,19.04,+0.15,+0.78%,"42,536",16.64,16.22,
CCOR,Core Alternative ETF,26.24,+0.19,+0.73%,"6,432",26.57,27.42,
FIW,First Trust Water ETF,97.31,+0.70,+0.72%,"27,782",98.66,90.51,
FCOM,Fidelity MSCI Communication Services Index ETF,48.84,+0.35,+0.72%,"52,539",48.81,43.75,
VIOV,Vanguard S&P Small-Cap 600 Value Index Fund ETF Shares,81.50,+0.58,+0.72%,"36,212",85.12,82.17,
IYK,iShares US Consumer Staples ETF,64.97,+0.45,+0.70%,"106,018",65.60,64.53,
OMFS,Invesco Russell 2000 Dynamic Multifactor ETF,34.70,+0.24,+0.70%,"216,225",36.38,35.86,
USAI,Pacer American Energy Independence ETF,30.77,+0.21,+0.68%,"3,818",30.46,28.63,
ENFR,Alerian Energy Infrastructure ETF,24.75,+0.17,+0.68%,"15,055",24.33,22.96,
BIZD,VanEck BDC Income ETF,16.36,+0.11,+0.68%,"995,568",16.33,15.90,
NANR,SPDR S&P North American Natural Resources ETF,55.65,+0.37,+0.67%,"9,390",51.84,51.61,
SDG,iShares MSCI Global Sustainable Development Goals ETF,74.97,+0.49,+0.66%,"9,155",77.22,77.18,
UTRN,Vesper U.S. Large Cap Short-Term Reversal Strategy ETF,24.95,+0.16,+0.64%,398,25.17,24.00,
BLOK,Amplify Transformational Data Sharing ETF,30.86,+0.19,+0.62%,"268,847",33.35,26.30,
CQQQ,Invesco China Technology ETF,30.94,+0.19,+0.62%,"491,544",31.83,35.51,
IYF,iShares U.S. Financials ETF,90.04,+0.55,+0.61%,"73,096",91.59,82.10,
CSB,VictoryShares US Small Cap High Div Volatility Wtd ETF,52.48,+0.32,+0.61%,"11,836",53.89,52.20,
RZV,Invesco S&P SmallCap 600 Pure Value ETF,98.68,+0.60,+0.61%,"4,827",102.91,97.33,
DXJS,WisdomTree Japan Hedged SmallCap Equity Fund,33.15,+0.20,+0.61%,"27,830",32.78,29.79,
GDX,VanEck Gold Miners ETF,33.75,+0.20,+0.60%,18.04M,29.74,29.36,
EMLP,First Trust North American Energy Infrastructure Fund,28.71,+0.17,+0.60%,"150,665",28.50,27.55,
FXO,First Trust Financials AlphaDEX Fund,44.21,+0.26,+0.59%,"70,561",45.16,41.30,
VPC,Virtus Private Credit ETF,22.25,+0.13,+0.59%,"4,394",22.30,21.85,
KGRN,KraneShares MSCI China Clean Technology ETF,19.92,+0.12,+0.58%,"9,412",20.40,23.41,
PSCC,Invesco S&P SmallCap Consumer Staples ETF,34.97,+0.20,+0.58%,"15,948",36.70,36.31,
XLU,Utilities Select Sector SPDR Fund,64.44,+0.36,+0.56%,10.898M,63.14,62.81,
EWM,iShares MSCI Malaysia ETF,21.64,+0.12,+0.56%,"542,023",21.71,21.21,
SDY,SPDR S&P Dividend ETF,125.65,+0.65,+0.52%,"238,834",126.88,122.02,
MFEM,PIMCO RAFI Dynamic Multi-Factor Emerging Markets Equity ETF,18.98,+0.09,+0.50%,"6,091",19.37,18.63,
VPU,Vanguard Utilities Index Fund ETF Shares,139.52,+0.68,+0.49%,"136,157",136.96,135.98,
ISMD,Inspire Small/Mid Cap ETF,33.14,+0.16,+0.49%,"18,198",34.57,32.62,
FUTY,Fidelity MSCI Utilities Index ETF,41.50,+0.20,+0.48%,"114,017",40.75,40.44,
FNDE,Schwab Fundamental Emerging Markets Large Company Index ETF,27.36,+0.13,+0.48%,"720,590",27.53,26.78,
EWX,SPDR S&P Emerging Markets Small Cap ETF,55.61,+0.26,+0.47%,"35,837",55.91,54.58,
FSTA,Fidelity MSCI Consumer Staples Index ETF,45.78,+0.21,+0.47%,"52,780",46.35,44.64,
DVY,iShares Select Dividend ETF,116.88,+0.53,+0.46%,"408,018",118.28,113.99,
REGL,ProShares S&P MidCap 400 Dividend Aristocrats ETF,74.26,+0.34,+0.45%,"41,768",75.22,71.14,
SDOG,ALPS Sector Dividend Dogs ETF,51.21,+0.23,+0.45%,"40,037",52.10,49.90,
CDC,VictoryShares US EQ Income Enhanced Volatility Wtd ETF,56.87,+0.25,+0.44%,"33,226",57.29,56.55,
EELV,Invesco S&P Emerging Markets Low Volatility ETF,23.21,+0.10,+0.43%,"96,939",23.85,23.42,
FYT,First Trust Small Cap Value AlphaDEX Fund,50.38,+0.21,+0.43%,"8,764",52.41,49.91,
RPV,Invesco S&P 500 Pure Value ETF,82.94,+0.35,+0.42%,"158,697",84.21,78.78,
KBA,KraneShares Bosera MSCI China A 50 Connect Index ETF,21.71,+0.09,+0.42%,"24,044",21.12,21.73,
RDIV,Invesco S&P Ultra Dividend Revenue ETF,43.01,+0.18,+0.41%,"25,070",43.92,40.86,
IJS,iShares S&P Small-Cap 600 Value ETF,94.51,+0.39,+0.41%,"394,093",99.01,95.35,
SLYV,SPDR S&P 600 Small Cap Value ETF,76.32,+0.31,+0.41%,"218,074",79.96,77.23,
PID,Invesco International Dividend Achievers ETF,17.49,+0.07,+0.40%,"121,208",18.19,17.72,
VFH,Vanguard Financials Index Fund ETF Shares,96.40,+0.37,+0.39%,"271,872",98.39,88.59,
NOBL,ProShares S&P 500 Dividend Aristocrats ETF,96.36,+0.36,+0.38%,"428,770",97.77,93.61,
VIOO,Vanguard S&P Small-Cap 600 Index Fund ETF Shares,94.04,+0.35,+0.37%,"83,625",97.82,93.10,
LGLV,SPDR SSGA US Large Cap Low Volatility Index ETF,148.24,+0.55,+0.37%,"5,321",151.66,142.90,
REZ,iShares Residential and Multisector Real Estate ETF,68.65,+0.25,+0.37%,"25,031",70.11,69.72,
HEEM,iShares Currency Hedged MSCI Emerging Markets ETF,25.17,+0.09,+0.36%,"19,071",25.25,24.41,
XLF,Financial Select Sector SPDR Fund,39.83,+0.14,+0.35%,48.369M,40.53,36.49,
HYGH,iShares Interest Rate Hedged High Yield Bond ETF,84.72,+0.29,+0.34%,"16,671",85.08,83.99,
GLD,SPDR Gold Shares,220.34,+0.75,+0.34%,6.172M,200.59,186.83,
EUSC,WisdomTree Europe Hedged SmallCap Equity Fund,37.79,+0.13,+0.34%,"1,877",37.21,34.94,
CDL,VictoryShares US Large Cap High Div Volatility Wtd ETF,59.29,+0.19,+0.33%,"9,521",59.76,57.21,
HYZD,WisdomTree Interest Rate Hedged High Yield Bond Fund,21.85,+0.07,+0.32%,"13,730",21.91,21.47,
IAU,iShares Gold Trust,45.00,+0.14,+0.31%,8.002M,40.97,38.15,
SPEM,SPDR Portfolio Emerging Markets ETF,35.49,+0.11,+0.31%,1.115M,35.84,34.70,
FXG,First Trust Consumer Staples AlphaDEX Fund,65.23,+0.20,+0.31%,"25,148",65.66,62.76,
ICF,iShares Cohen & Steers REIT ETF,52.70,+0.16,+0.30%,"127,726",56.40,54.84,
IFRA,iShares U.S. Infrastructure ETF,41.37,+0.12,+0.29%,"238,482",41.37,39.00,
IYG,iShares U.S. Financial Services ETF,62.66,+0.18,+0.29%,"23,892",63.81,57.18,
BLCN,Siren Nasdaq NexGen Economy ETF,24.61,+0.07,+0.29%,"17,531",26.45,22.59,
JPEM,JPMorgan Diversified Return Emerging Markets Equity ETF,53.34,+0.15,+0.28%,"16,792",53.62,51.64,
FDL,First Trust Morningstar Dividend Leaders Index Fund,36.62,+0.10,+0.27%,1.141M,37.10,35.21,
IDX,VanEck Indonesia Index ETF,15.74,+0.04,+0.27%,"10,537",16.30,17.07,
FNDA,Schwab Fundamental U.S. Small Company Index ETF,52.96,+0.14,+0.27%,"344,136",55.05,51.90,
DGS,WisdomTree Emerging Markets SmallCap Dividend Fund,49.99,+0.13,+0.26%,"515,435",50.36,48.20,
VRP,Invesco Variable Rate Preferred ETF,23.52,+0.06,+0.26%,"815,174",23.61,22.85,
OUSM,ALPS O'Shares U.S. Small-Cap Quality Dividend ETF Shares,39.66,+0.10,+0.25%,"45,386",40.81,37.71,
IMCV,iShares Morningstar Mid-Cap Value ETF,68.44,+0.17,+0.25%,"21,737",69.59,65.16,
IGBH,iShares Interest Rate Hedged Long-Term Corporate Bond ETF,24.43,+0.06,+0.25%,"37,505",24.44,24.13,
EYLD,Cambria Emerging Shareholder Yield ETF,33.65,+0.08,+0.24%,"61,133",33.20,30.24,
RWL,Invesco S&P 500 Revenue ETF,89.53,+0.21,+0.24%,"129,747",90.60,83.63,
EMXC,iShares MSCI Emerging Markets ex China ETF,55.51,+0.13,+0.23%,2.111M,56.75,53.28,
RWJ,Invesco S&P SmallCap 600 Revenue ETF,39.25,+0.09,+0.23%,"360,064",41.09,38.84,
RNSC,First Trust Small Cap US Equity Select ETF,26.85,+0.06,+0.22%,"5,190",28.02,27.08,
IUSV,iShares Core S&P U.S. Value ETF,85.58,+0.19,+0.22%,"407,675",87.43,81.25,
ESGS,Columbia U.S. ESG Equity Income ETF,42.67,+0.09,+0.22%,"12,875",42.95,39.90,
VOE,Vanguard Mid-Cap Value Index Fund ETF Shares,147.29,+0.32,+0.22%,"359,745",149.78,140.61,
EWC,iShares MSCI Canada ETF,36.85,+0.08,+0.22%,3.198M,37.31,35.34,
HEDJ,WisdomTree Europe Hedged Equity Fund,46.63,+0.10,+0.21%,"31,588",46.71,42.27,
USHY,iShares Broad USD High Yield Corporate Bond ETF,35.69,+0.08,+0.21%,12.277M,36.25,35.54,
FLBL,Franklin Senior Loan ETF,24.33,+0.05,+0.21%,"322,441",24.32,24.15,
IJR,iShares Core S&P Small-Cap ETF,102.34,+0.21,+0.21%,3.216M,106.76,101.13,
FCTR,First Trust Lunt U.S. Factor Rotation ETF,29.56,+0.06,+0.20%,"4,081",30.14,26.98,
HSCZ,iShares Currency Hedged MSCI EAFE Small-Cap ETF,30.73,+0.06,+0.20%,"21,138",30.58,28.84,
PCEF,Invesco CEF Income Composite ETF,17.95,+0.03,+0.20%,"74,069",18.52,17.86,
SPYV,SPDR Portfolio S&P 500 Value ETF,47.46,+0.09,+0.19%,1.991M,48.45,44.96,
IVE,iShares S&P 500 Value ETF,176.91,+0.33,+0.19%,"427,065",180.64,167.64,
FCAL,First Trust California Municipal High Income ETF,49.23,+0.09,+0.18%,"21,125",49.62,48.81,
VIG,Vanguard Dividend Appreciation Index Fund ETF Shares,173.63,+0.30,+0.17%,1.822M,178.25,166.94,
PICK,iShares MSCI Global Metals & Mining Producers ETF,42.87,+0.07,+0.16%,"73,680",40.88,40.44,
SJNK,SPDR Bloomberg Short Term High Yield Bond ETF,24.75,+0.04,+0.16%,4.213M,25.07,24.77,
EQAL,Invesco Russell 1000 Equal Weight ETF,43.40,+0.07,+0.16%,"164,507",44.59,42.35,
SHYL,Xtrackers Short Duration High Yield Bond ETF,43.63,+0.07,+0.16%,"3,317",44.24,43.62,
PJUL,Innovator S&P 500 Power Buffer ETF — July,37.51,+0.06,+0.16%,"16,906",37.58,35.51,
MDYV,SPDR S&P 400 Mid Cap Value ETF,70.45,+0.11,+0.16%,"125,655",72.96,69.30,
VTV,Vanguard Value Index Fund ETF Shares,154.81,+0.24,+0.16%,2.399M,157.37,146.85,
SPSM,SPDR Portfolio S&P 600 Small Cap ETF,39.81,+0.06,+0.15%,2.181M,41.55,39.44,
DDWM,WisdomTree Dynamic Currency Hedged International Equity Fund,33.20,+0.05,+0.15%,"33,060",33.29,31.66,
VFVA,Vanguard U.S. Value Factor ETF ETF Shares,110.96,+0.17,+0.15%,"6,330",113.82,106.49,
IAI,iShares U.S. Broker-Dealers & Securities Exchanges ETF,110.51,+0.16,+0.14%,"32,540",111.32,100.51,
PHO,Invesco Water Resources ETF,63.13,+0.09,+0.14%,"30,451",64.20,58.22,
HEZU,iShares Currency Hedged MSCI Eurozone ETF,35.60,+0.05,+0.14%,"18,153",35.57,32.79,
IGRO,iShares International Dividend Growth ETF,64.28,+0.09,+0.14%,"18,819",66.18,62.77,
PRFZ,Invesco FTSE RAFI US 1500 Small-Mid ETF,36.23,+0.05,+0.14%,"63,670",37.84,35.35,
PRF,Invesco FTSE RAFI US 1000 ETF,36.50,+0.05,+0.14%,"412,003",37.14,34.26,
FLIN,Franklin FTSE India ETF,36.60,+0.05,+0.14%,"219,330",36.70,33.61,
FDRR,Fidelity Dividend ETF for Rising Rates,44.43,+0.06,+0.14%,"28,156",45.32,42.71,
DBEZ,Xtrackers MSCI Eurozone Hedged Equity ETF,44.78,+0.06,+0.13%,"1,998",44.66,41.16,
EES,WisdomTree U.S. SmallCap Earnings Fund,46.04,+0.06,+0.13%,"13,635",48.25,46.07,
GAA,Cambria Global Asset Allocation ETF,28.49,+0.04,+0.13%,"2,847",28.40,27.30,
FTSL,First Trust Senior Loan Fund,46.22,+0.06,+0.13%,"435,979",46.17,45.87,
FNDB,Schwab Fundamental U.S. Broad Market Index ETF,62.74,+0.08,+0.13%,"23,695",63.97,59.23,
DTD,WisdomTree U.S. Total Dividend Fund,67.15,+0.08,+0.12%,"11,011",68.47,64.07,
EQWL,Invesco S&P 100 Equal Weight ETF,90.27,+0.10,+0.12%,"39,928",91.98,85.05,
MGV,Vanguard Mega Cap Value Index Fund,113.74,+0.13,+0.11%,"271,238",115.60,107.76,
NUDM,Nuveen ESG International Developed Markets Equity ETF,29.61,+0.03,+0.11%,"53,569",30.26,28.75,
ANGL,VanEck Fallen Angel High Yield Bond ETF,28.17,+0.03,+0.11%,1.932M,28.73,28.02,
VYMI,Vanguard International High Dividend Yield Index Fund ETF Shares,66.51,+0.07,+0.11%,"344,399",67.57,64.60,
DIA,SPDR Dow Jones Industrial Average ETF Trust,377.84,+0.39,+0.10%,4.576M,388.41,362.05,
LVHI,Franklin International Low Volatility High Dividend Index ETF,29.13,+0.03,+0.10%,"188,579",28.96,27.82,
FLRN,SPDR Bloomberg Investment Grade Floating Rate ETF,30.80,+0.03,+0.10%,"587,688",30.75,30.66,
DGT,SPDR Global Dow ETF,123.04,+0.12,+0.09%,"3,146",124.84,116.41,
FNDX,Schwab Fundamental U.S. Large Company Index ETF,63.93,+0.06,+0.09%,"890,905",65.14,60.21,
PSCT,Invesco S&P SmallCap Information Technology ETF,42.74,+0.04,+0.09%,"17,066",45.89,45.39,
EPI,WisdomTree India Earnings Fund,43.81,+0.04,+0.09%,"669,748",43.80,39.36,
XTL,SPDR S&P Telecom ETF,67.71,+0.06,+0.09%,"1,115",73.85,73.50,
SPHY,SPDR Portfolio High Yield Bond ETF,22.90,+0.02,+0.09%,11.187M,23.27,22.90,
VSDA,VictoryShares Dividend Accelerator ETF,47.64,+0.04,+0.09%,"16,126",48.80,46.25,
LQDH,iShares Interest Rate Hedged Corporate Bond ETF,93.37,+0.08,+0.09%,"11,079",93.54,93.06,
VBR,Vanguard Small-Cap Value Index Fund ETF Shares,177.80,+0.15,+0.08%,"316,252",183.60,171.20,
DBJP,Xtrackers MSCI Japan Hedged Equity ETF,72.01,+0.06,+0.08%,"13,373",72.36,63.87,
DBAW,Xtrackers MSCI All World ex US Hedged Equity ETF,31.96,+0.03,+0.08%,"6,250",32.02,29.87,
DIVO,Amplify CWP Enhanced Dividend Income ETF,37.78,+0.03,+0.08%,"215,398",38.05,36.35,
VOOV,Vanguard S&P 500 Value Index Fund ETF Shares,171.00,+0.13,+0.08%,"78,371",174.65,162.04,
HAWX,iShares Currency Hedged MSCI ACWI ex U.S. ETF,30.60,+0.02,+0.07%,"21,470",30.64,28.80,
DGRO,iShares Core Dividend Growth ETF,55.30,+0.04,+0.07%,1.498M,56.44,52.91,
SHYG,iShares 0-5 Year High Yield Corporate Bond ETF,41.73,+0.03,+0.07%,1.28M,42.26,41.64,
FYX,First Trust Small Cap Core AlphaDEX Fund,86.39,+0.06,+0.07%,"9,180",90.16,85.62,
DIVB,iShares Core Dividend ETF,42.15,+0.03,+0.07%,"28,128",42.91,39.89,
ITB,iShares U.S. Home Construction ETF,103.00,+0.07,+0.07%,2.06M,108.04,92.67,
FTLS,First Trust Long/Short Equity ETF,59.70,+0.04,+0.07%,"138,293",60.48,56.12,
DXJ,WisdomTree Japan Hedged Equity Fund,105.72,+0.07,+0.07%,"416,420",104.76,92.21,
HYDB,iShares High Yield Systematic Bond ETF,45.66,+0.03,+0.07%,"121,629",46.25,45.20,
FDHY,Fidelity High Yield Factor ETF,47.11,+0.03,+0.06%,"13,556",47.80,46.92,
ISCF,iShares MSCI Intl Small-Cap Multifactor ETF,31.69,+0.02,+0.06%,"18,894",32.16,30.94,
VNLA,Janus Henderson Short Duration Income ETF,48.34,+0.03,+0.06%,"466,362",48.36,48.12,
FLOT,iShares Floating Rate Bond ETF,51.02,+0.03,+0.06%,1.141M,50.93,50.78,
OMFL,Invesco Russell 1000 Dynamic Multifactor ETF,51.26,+0.03,+0.06%,"744,512",52.57,49.31,
BLES,Inspire Global Hope ETF,35.66,+0.02,+0.06%,"6,347",36.56,34.18,
RIGS,RiverFront Strategic Income Fund,22.50,+0.01,+0.06%,"8,654",22.82,22.59,
EMHY,iShares J.P. Morgan EM High Yield Bond ETF,36.70,+0.02,+0.05%,"40,227",36.86,35.42,
XSVM,Invesco S&P SmallCap Value with Momentum ETF,53.02,+0.03,+0.05%,"39,829",54.50,50.65,
HSRT,Hartford AAA CLO ETF,39.07,+0.02,+0.05%,"32,504",38.96,38.55,
ICSH,BlackRock Ultra Short-Term Bond ETF,50.42,+0.02,+0.05%,"661,097",50.44,50.35,
FVAL,Fidelity Value Factor ETF,54.63,+0.03,+0.05%,"90,920",55.41,51.43,
BCD,abrdn Bloomberg All Commodity Longer Dated Strategy K-1 Free ETF,32.47,+0.02,+0.05%,"23,001",31.14,32.14,
JPUS,JPMorgan Diversified Return U.S. Equity ETF,105.81,+0.05,+0.05%,"6,352",107.83,100.54,
FDVV,Fidelity High Dividend ETF,43.50,+0.02,+0.05%,"411,459",44.20,41.37,
FGD,First Trust Dow Jones Global Select Dividend Index Fund,21.80,+0.01,+0.05%,"50,830",22.28,21.61,
OPER,ClearShares Ultra-Short Maturity ETF,100.45,+0.04,+0.04%,"1,261",100.30,100.35,
BSJP,Invesco BulletShares 2025 High Yield Corporate Bond ETF,22.92,+0.01,+0.04%,"386,879",22.91,22.69,
RLY,SPDR SSgA Multi-Asset Real Return ETF,27.70,+0.01,+0.04%,"338,937",27.21,27.05,
XLB,Materials Select Sector SPDR Fund,89.03,+0.03,+0.03%,3.749M,88.96,83.27,
PSR,Invesco Active U.S. Real Estate Fund,80.04,+0.03,+0.03%,"5,693",86.21,85.16,
FNDF,Schwab Fundamental International Large Company Index ETF,34.26,+0.01,+0.03%,"837,363",34.63,32.97,
RAVI,FlexShares Ultra-Short Income Fund,75.31,+0.02,+0.03%,"19,925",75.28,75.08,
XLRE,The Real Estate Select Sector SPDR Fund,35.74,+0.01,+0.03%,10.27M,38.54,37.27,
IPKW,Invesco International BuyBack Achievers ETF,38.74,+0.01,+0.03%,"3,076",38.56,36.29,
JPSE,JPMorgan Diversified Return U.S. Small Cap Equity ETF,42.09,+0.01,+0.02%,"268,705",43.58,41.61,
JMST,JPMorgan Ultra-Short Municipal Income ETF,50.66,+0.01,+0.02%,"268,940",50.69,50.61,
PXF,Invesco FTSE RAFI Developed Markets ex-U.S. ETF,47.88,+0.01,+0.02%,"39,312",48.45,45.90,
GSY,Invesco Ultra Short Duration ETF,49.96,+0.01,+0.02%,"349,068",49.91,49.83,
QDIV,Global X S&P 500 Quality Dividend ETF,32.72,+0.01,+0.02%,"4,548",33.23,31.80,
IJJ,iShares S&P Mid-Cap 400 Value ETF,109.46,+0.02,+0.02%,"98,828",113.47,107.82,
FXZ,First Trust Materials AlphaDEX Fund,67.80,+0.01,+0.01%,"11,671",68.28,65.47,
DLN,WisdomTree U.S. LargeCap Dividend Fund,68.69,+0.01,+0.01%,"196,105",69.99,65.44,
CSA,VictoryShares US Small Cap Volatility Wtd ETF,64.35,+0.01,+0.01%,"1,017",66.52,62.63,
MMIT,IQ MacKay Municipal Intermediate ETF,24.11,+0.00,+0.00%,"37,970",24.34,24.12,
UTES,Virtus Reaves Utilities ETF,47.36,+0.00,+0.00%,"4,398",46.15,44.57,
FTCS,First Trust Capital Strength ETF,81.55,0.00,0.00%,"257,150",83.68,78.42,
YLD,Principal Active High Yield ETF,18.75,0.00,0.00%,"15,237",18.96,18.54,
FPEI,First Trust Institutional Preferred Securities and Income ETF,17.97,0.00,0.00%,"237,379",18.11,17.43,
SDVY,First Trust SMID Cap Rising Dividend Achievers ETF,32.33,0.00,0.00%,"924,584",33.22,30.55,
HEWJ,iShares Currency Hedged MSCI Japan ETF,40.42,0.00,0.00%,"258,232",40.62,36.13,
STIP,iShares 0-5 Year TIPS Bond ETF,99.18,0.00,0.00%,"337,263",99.03,97.90,
JPST,JPMorgan Ultra-Short Income ETF,50.34,0.00,0.00%,3.832M,50.34,50.22,
SCHD,Schwab U.S. Dividend Equity ETF,75.81,0.00,0.00%,2.607M,78.15,74.44,
EWW,iShares MSCI Mexico ETF,64.92,0.00,0.00%,1.442M,67.22,63.28,
PULS,PGIM Ultra Short Bond ETF,49.60,0.00,0.00%,1.323M,49.57,49.45,
LSST,Natixis Loomis Sayles Short Duration Income ETF,23.80,-0.00,-0.01%,"8,715",23.89,23.73,
XLV,Health Care Select Sector SPDR Fund,138.43,-0.01,-0.01%,7.977M,144.55,135.80,
XAR,SPDR S&P Aerospace & Defense ETF,132.10,-0.01,-0.01%,"46,273",136.58,126.29,
VFMF,Vanguard U.S. Multifactor ETF Shares,118.86,-0.01,-0.01%,"7,040",121.70,110.83,
FTSD,Franklin Short Duration U.S. Government ETF,89.65,-0.01,-0.01%,"21,272",89.86,89.58,
SLYG,SPDR S&P 600 Small Cap Growth ETF,81.25,-0.01,-0.01%,"133,228",84.45,78.86,
VPL,Vanguard FTSE Pacific Index Fund ETF Shares,71.74,-0.01,-0.01%,"321,837",74.35,70.43,
CWB,SPDR Bloomberg Convertible Securities ETF,70.00,-0.01,-0.01%,"332,119",71.84,69.86,
SSPY,Syntax Stratified LargeCap ETF,72.57,-0.01,-0.01%,4,74.18,69.62,
IYH,iShares U.S. Healthcare ETF,58.05,-0.01,-0.02%,"217,344",60.62,56.97,
RDVY,First Trust Rising Dividend Achievers ETF,53.05,-0.01,-0.02%,"765,304",53.72,49.53,
FLQM,Franklin U.S. Mid Cap Multifactor Index ETF,49.87,-0.01,-0.02%,"248,661",51.22,46.66,
VTIP,Vanguard Short-Term Inflation-Protected Securities Index Fund ETF Shares,47.81,-0.01,-0.02%,2.502M,47.71,47.44,
IYM,iShares U.S. Basic Materials ETF,142.09,-0.03,-0.02%,"12,757",141.53,133.50,
VLU,SPDR S&P 1500 Value Tilt ETF,166.30,-0.04,-0.02%,"6,866",169.03,155.71,
ULST,SPDR SSgA Ultra Short Term Bond ETF,40.36,-0.01,-0.02%,"80,953",40.41,40.30,
FSMB,First Trust Short Duration Managed Municipal ETF,19.78,-0.01,-0.03%,"132,116",19.86,19.72,
ONEV,SPDR Russell 1000 Low Volatility Focus ETF,116.59,-0.03,-0.03%,"7,041",119.46,111.62,
HEFA,iShares Currency Hedged MSCI EAFE ETF,33.83,-0.01,-0.03%,"829,267",33.86,31.43,
MFLX,First Trust Flexible Municipal High Income ETF,16.81,-0.01,-0.03%,"1,412",16.94,16.47,
SPSB,SPDR Portfolio Short Term Corporate Bond ETF,29.53,-0.01,-0.03%,1.735M,29.68,29.52,
IDOG,ALPS International Sector Dividend Dogs ETF,28.91,-0.01,-0.03%,"26,096",29.38,28.55,
VAW,Vanguard Materials Index Fund ETF Shares,195.36,-0.07,-0.04%,"25,469",195.79,183.24,
FLLA,Franklin FTSE Latin America ETF,22.10,-0.01,-0.04%,"9,096",23.37,22.95,
CNYA,iShares MSCI China A ETF,26.35,-0.01,-0.04%,"155,952",25.98,27.09,
FLLV,Franklin U.S. Low Volatility ETF,51.72,-0.02,-0.04%,"13,764",53.27,50.48,
FLTR,VanEck IG Floating Rate ETF,25.43,-0.01,-0.04%,1.291M,25.41,25.26,
JMUB,JPMorgan Municipal ETF,50.20,-0.02,-0.04%,"213,290",50.61,49.88,
PBTP,Invesco 0-5 Yr US TIPS ETF,25.05,-0.01,-0.04%,"16,601",25.00,24.73,
SMMU,PIMCO Short Term Municipal Bond Active Exchange-Traded Fund,49.73,-0.02,-0.04%,"61,957",49.93,49.59,
SLQD,iShares 0-5 Year Investment Grade Corporate Bond ETF,48.79,-0.02,-0.04%,"88,562",49.05,48.55,
IQDY,FlexShares International Quality Dividend Dynamic Index Fund,27.87,-0.01,-0.04%,"7,008",28.45,26.86,
SCHO,Schwab Short-Term U.S. Treasury ETF,47.85,-0.02,-0.04%,"717,333",48.11,48.07,
DBC,Invesco DB Commodity Index Tracking Fund,23.33,-0.01,-0.04%,1.734M,22.68,23.54,
TRTY,Cambria Trinity ETF,25.32,-0.01,-0.04%,"4,893",25.60,24.93,
SYLD,Cambria Shareholder Yield ETF,68.83,-0.03,-0.04%,"59,853",70.19,64.98,
CBON,VanEck China Bond ETF,21.92,-0.01,-0.05%,804,21.90,21.78,
FNX,First Trust Mid Cap Core AlphaDEX Fund,104.77,-0.05,-0.05%,"12,612",107.97,99.23,
PFFA,Virtus InfraCap U.S. Preferred Stock ETF,20.25,-0.01,-0.05%,"183,738",20.88,19.94,
FUMB,First Trust Ultra Short Duration Municipal ETF,20.06,-0.01,-0.05%,"58,178",20.07,20.01,
ONEY,SPDR Russell 1000 Yield Focus ETF,102.32,-0.05,-0.05%,"35,487",103.58,97.48,
PSCI,Invesco S&P SmallCap Industrials ETF,118.40,-0.06,-0.05%,"3,202",121.03,108.87,
JVAL,JPMorgan U.S. Value Factor ETF,39.18,-0.02,-0.05%,"62,826",40.18,37.24,
EZM,WisdomTree U.S. MidCap Earnings Fund,56.57,-0.03,-0.05%,"11,522",58.33,54.41,
TUR,iShares MSCI Turkey ETF,37.70,-0.02,-0.05%,"40,301",37.01,35.53,
PSCD,Invesco S&P SmallCap Consumer Discretionary ETF,96.78,-0.05,-0.05%,271,103.92,94.75,
HYEM,VanEck Emerging Markets High Yield Bond ETF,18.65,-0.01,-0.05%,"162,147",18.88,18.29,
FPE,First Trust Preferred Securities and Income ETF,17.01,-0.01,-0.06%,1.247M,17.20,16.50,
IGSB,iShares 1-5 Year Investment Grade Corporate Bond ETF,50.68,-0.03,-0.06%,2.673M,51.05,50.49,
VRIG,Invesco Variable Rate Investment Grade ETF,25.17,-0.02,-0.06%,"200,520",25.11,25.01,
NEAR,BlackRock Short Duration Bond ETF,50.00,-0.03,-0.06%,"556,885",50.30,50.08,
JQUA,JPMorgan U.S. Quality Factor ETF,49.99,-0.03,-0.06%,"386,866",51.66,46.98,
KCE,SPDR S&P Capital Markets ETF,104.34,-0.06,-0.06%,"6,882",106.45,94.92,
IVOV,Vanguard S&P Mid-Cap 400 Value Index Fund ETF Shares,83.94,-0.05,-0.06%,"12,741",86.86,82.80,
FLJH,Franklin FTSE Japan Hedged ETF,30.37,-0.02,-0.07%,"18,253",30.41,30.44,
IUS,Invesco RAFI Strategic US ETF,45.37,-0.03,-0.07%,"51,511",46.04,42.52,
XCEM,Columbia EM Core ex-China ETF,29.91,-0.02,-0.07%,"301,087",30.65,29.05,
COM,Direxion Auspice Broad Commodity Strategy ETF,29.31,-0.02,-0.07%,"160,715",28.40,28.86,
SPTS,SPDR Portfolio Short Term Treasury ETF,28.71,-0.02,-0.07%,"809,537",28.86,28.83,
GDMA,Alpha Architect Gadsden Dynamic Multi-Asset ETF,30.24,-0.02,-0.07%,"10,486",30.65,30.28,
RAAX,VanEck Inflation Allocation ETF,27.19,-0.02,-0.07%,"8,350",26.22,25.75,
DBEF,Xtrackers MSCI EAFE Hedged Equity ETF,39.68,-0.03,-0.08%,"891,063",39.75,36.66,
FYLD,Cambria Foreign Shareholder Yield ETF,26.34,-0.02,-0.08%,"28,158",26.62,25.09,
FHLC,Fidelity MSCI Health Care Index ETF,65.13,-0.05,-0.08%,"83,802",68.25,64.06,
HFXI,IQ FTSE International Equity Currency Neutral ETF,25.84,-0.02,-0.08%,"260,556",26.19,24.44,
VCSH,Vanguard Short-Term Corporate Bond Index Fund ETF Shares,76.40,-0.06,-0.08%,7.005M,77.00,76.18,
DSTL,Distillate U.S. Fundamental Stability & Value ETF,50.71,-0.04,-0.08%,"248,197",52.07,47.92,
XHB,SPDR S&P Homebuilders ETF,100.70,-0.08,-0.08%,3.788M,104.26,88.68,
USTB,VictoryShares Short-Term Bond ETF,49.42,-0.04,-0.08%,"147,177",49.66,49.22,
SUSB,iShares ESG 1-5 Year USD Corporate Bond ETF,24.20,-0.02,-0.08%,"96,225",24.38,24.10,
AOA,iShares Core Aggressive Allocation ETF,70.30,-0.06,-0.09%,"100,788",71.80,67.46,
JPIB,JPMorgan International Bond Opportunities ETF,46.79,-0.04,-0.09%,"27,905",47.42,46.61,
VGSH,Vanguard Short-Term Treasury Index Fund ETF Shares,57.63,-0.05,-0.09%,1.581M,57.95,57.85,
NURE,Nuveen Short-Term REIT ETF,28.98,-0.03,-0.09%,"1,893",29.98,29.18,
RFV,Invesco S&P MidCap 400 Pure Value ETF,109.45,-0.10,-0.09%,"17,149",113.53,106.65,
RSP,Invesco S&P 500 Equal Weight ETF,159.21,-0.15,-0.09%,6.123M,163.57,152.54,
BJAN,Innovator U.S. Equity Buffer ETF - January,42.41,-0.04,-0.09%,"7,599",42.91,39.66,
EQL,ALPS Equal Sector Weight ETF,112.65,-0.11,-0.10%,"4,491",114.63,107.32,
BFOR,Barron's 400 ETF,63.60,-0.06,-0.10%,"2,654",65.30,60.21,
VO,Vanguard Mid-Cap Index Fund ETF Shares,235.12,-0.24,-0.10%,"624,211",241.36,224.39,
BJUL,Innovator U.S. Equity Buffer ETF - July,39.22,-0.04,-0.10%,"6,583",39.64,36.83,
LMBS,First Trust Low Duration Opportunities ETF,47.73,-0.05,-0.10%,"472,438",48.09,47.73,
AGZ,iShares Agency Bond ETF,106.67,-0.11,-0.11%,"29,818",107.58,106.95,
GTO,Invesco Total Return Bond ETF,45.68,-0.05,-0.11%,"133,814",46.48,45.91,
PZT,Invesco New York AMT-Free Municipal Bond ETF,22.62,-0.02,-0.11%,"12,325",22.93,22.40,
DGRW,WisdomTree U.S. Quality Dividend Growth Fund,72.48,-0.08,-0.11%,"449,201",74.27,68.85,
BOCT,Innovator U.S. Equity Buffer ETF October,39.79,-0.05,-0.12%,"3,558",40.02,37.73,
VHT,Vanguard Health Care Index Fund ETF Shares,252.83,-0.30,-0.12%,"132,419",264.76,248.44,
CMBS,iShares CMBS ETF,46.04,-0.06,-0.12%,"34,595",46.67,45.86,
EMTL,SPDR DoubleLine Emerging Markets Fixed Income ETF,41.71,-0.05,-0.12%,"2,568",42.00,41.04,
FLMI,Franklin Dynamic Municipal Bond ETF,24.16,-0.03,-0.12%,"30,296",24.30,23.75,
MMIN,IQ MacKay Municipal Insured ETF,23.92,-0.03,-0.13%,"351,767",24.25,23.83,
HYHG,ProShares High Yield—Interest Rate Hedged,63.66,-0.08,-0.13%,"4,713",63.77,62.29,
OEF,iShares S&P 100 ETF,237.62,-0.30,-0.13%,"180,727",242.25,219.84,
SPVM,Invesco S&P 500 Value with Momentum ETF,53.24,-0.07,-0.13%,526,53.62,50.03,
TDTT,FlexShares iBoxx 3-Year Target Duration TIPS Index Fund,23.50,-0.03,-0.13%,"105,428",23.61,23.43,
TDTF,FlexShares iBoxx 5-Year Target Duration TIPS Index Fund,23.20,-0.03,-0.13%,"114,085",23.45,23.32,
EZA,iShares MSCI South Africa ETF,38.26,-0.05,-0.13%,"180,394",38.69,39.41,
JHMM,John Hancock Multifactor Mid Cap ETF,53.47,-0.07,-0.13%,"131,251",55.06,50.85,
NUSC,Nuveen ESG Small-Cap ETF,38.12,-0.05,-0.13%,"56,837",39.89,37.26,
POCT,Innovator U.S. Equity Power Buffer ETF October,37.12,-0.05,-0.13%,"12,359",37.20,35.29,
VAMO,Cambria Value and Momentum ETF,28.55,-0.04,-0.14%,"3,699",28.81,27.21,
IWR,iShares Russell Mid-Cap ETF,78.71,-0.11,-0.14%,1.333M,81.09,74.86,
IAGG,iShares Core International Aggregate Bond ETF,49.48,-0.07,-0.14%,"259,911",49.61,49.36,
IJH,iShares Core S&P Mid-Cap ETF,56.43,-0.08,-0.14%,6.013M,58.15,53.60,
EVX,VanEck Environmental Services ETF,159.76,-0.23,-0.14%,816,161.26,152.56,
CEW,WisdomTree Emerging Currency Strategy Fund,17.57,-0.02,-0.14%,352,17.72,17.70,
VFQY,Vanguard U.S. Quality Factor ETF ETF Shares,128.05,-0.18,-0.14%,"15,922",132.60,121.33,
ICVT,iShares Convertible Bond ETF,76.51,-0.11,-0.14%,"103,780",78.40,76.17,
MUST,Columbia Multi-Sector Municipal Income ETF,20.50,-0.03,-0.15%,"228,246",20.64,20.29,
MFDX,PIMCO RAFI Dynamic Multi-Factor International Equity ETF,29.26,-0.04,-0.15%,"20,720",29.85,28.33,
CEMB,iShares J.P. Morgan EM Corporate Bond ETF,43.67,-0.07,-0.15%,"12,079",44.16,43.23,
CSM,ProShares Large Cap Core Plus,57.50,-0.09,-0.15%,"3,524",58.86,53.52,
QWLD,SPDR MSCI World StrategicFactors ETF,114.72,-0.18,-0.15%,"3,388",116.75,108.38,
SCHP,Schwab U.S. TIPS ETF,51.24,-0.08,-0.16%,"962,154",51.73,51.43,
IVOO,Vanguard S&P Mid-Cap 400 Index Fund ETF Shares,95.60,-0.15,-0.16%,"36,672",98.54,90.80,
FLTW,Franklin FTSE Taiwan ETF,41.86,-0.07,-0.16%,"8,742",42.72,39.44,
FBND,Fidelity Total Bond ETF,44.20,-0.07,-0.16%,1.117M,45.06,44.72,
SCHF,Schwab International Equity ETF,37.19,-0.06,-0.16%,5.249M,38.07,35.95,
DBEU,Xtrackers MSCI Europe Hedged Equity ETF,39.90,-0.06,-0.16%,"17,425",39.81,37.11,
TIPX,SPDR Bloomberg 1-10 Year TIPS ETF,18.35,-0.03,-0.16%,"163,810",18.49,18.35,
MOAT,VanEck Morningstar Wide Moat ETF,83.97,-0.14,-0.17%,"902,623",86.98,81.38,
CIBR,First Trust NASDAQ Cybersecurity ETF,52.83,-0.09,-0.17%,"951,373",56.47,50.42,
SLX,VanEck Steel ETF,70.31,-0.12,-0.17%,"9,022",70.81,68.15,
PPA,Invesco Aerospace & Defense ETF,98.11,-0.17,-0.17%,"122,245",98.25,88.76,
LQDI,iShares Inflation Hedged Corporate Bond ETF,25.38,-0.04,-0.18%,"6,505",25.79,25.45,
PFXF,VanEck Preferred Securities ex Financials ETF,16.87,-0.03,-0.18%,"765,332",17.57,17.11,
VV,Vanguard Large Cap Index Fund,229.35,-0.41,-0.18%,"200,604",234.55,213.79,
EDOG,ALPS Emerging Sector Dividend Dogs ETF,20.51,-0.04,-0.18%,"2,791",21.22,21.11,
SPTM,SPDR Portfolio S&P 1500 Composite Stock Market ETF,61.17,-0.11,-0.18%,"383,668",62.55,57.15,
FILL,iShares MSCI Global Energy Producers ETF,26.79,-0.05,-0.18%,"2,062",25.66,24.82,
HMOP,Hartford Municipal Opportunities ETF,38.54,-0.07,-0.18%,"46,563",38.76,38.05,
EWD,iShares MSCI Sweden ETF,38.39,-0.07,-0.18%,"298,844",39.57,36.13,
MGC,Vanguard Mega Cap Index Fund,179.08,-0.33,-0.18%,"134,005",182.99,166.17,
FCOR,Fidelity Corporate Bond ETF,45.25,-0.08,-0.18%,"19,012",46.14,45.35,
HDEF,Xtrackers MSCI EAFE High Dividend Yield Equity ETF,23.91,-0.05,-0.19%,"99,069",24.25,23.51,
EMCB,WisdomTree Emerging Markets Corporate Bond Fund,63.59,-0.12,-0.19%,"9,525",64.29,62.93,
JPME,JPMorgan Diversified Return U.S. Mid Cap Equity ETF,92.68,-0.18,-0.19%,"6,386",95.18,89.36,
SKOR,FlexShares Credit-Scored US Corporate Bond Index Fund,46.82,-0.09,-0.19%,"10,732",47.45,46.89,
ITOT,iShares Core S&P Total U.S. Stock Market ETF,109.64,-0.22,-0.20%,1.511M,112.39,102.68,
IQIN,IQ 500 International ETF,32.94,-0.07,-0.20%,"3,672",33.41,31.94,
IYE,iShares U.S. Energy ETF,49.06,-0.10,-0.20%,"568,590",47.25,45.71,
SPLG,SPDR Portfolio S&P 500 ETF,58.76,-0.12,-0.20%,12.562M,60.05,54.80,
ETHO,Amplify Etho Climate Leadership U.S. ETF,53.65,-0.11,-0.20%,"1,891",56.36,53.32,
SPY,SPDR S&P 500 ETF Trust,499.52,-1.03,-0.21%,73.907M,510.50,465.96,
RWK,Invesco S&P MidCap 400 Revenue ETF,106.43,-0.22,-0.21%,"53,610",109.33,100.35,
PFFD,Global X U.S. Preferred ETF,19.18,-0.04,-0.21%,"554,035",19.98,19.25,
MAGA,Point Bridge America First ETF,43.63,-0.09,-0.21%,"1,127",44.18,40.88,
WTV,WisdomTree U.S. Value Fund,70.89,-0.15,-0.21%,"13,315",72.32,66.26,
FDM,First Trust Dow Jones Select MicroCap Index Fund,58.30,-0.12,-0.21%,"5,362",60.18,57.72,
PDBC,Invesco Optimum Yield Diversified Commodity Strategy No K-1 ETF,14.08,-0.03,-0.21%,2.189M,13.70,14.15,
VB,Vanguard Small-Cap Index Fund ETF Shares,210.76,-0.45,-0.21%,"728,253",219.60,203.44,
PAVE,Global X U.S. Infrastructure Development ETF,37.36,-0.08,-0.21%,1.892M,37.99,33.35,
GSSC,Goldman Sachs ActiveBeta U.S. Small Cap Equity ETF,60.56,-0.13,-0.21%,"22,257",63.26,59.49,
VONE,Vanguard Russell 1000 Index Fund ETF Shares,227.07,-0.49,-0.22%,"91,951",232.46,212.06,
PKW,Invesco BuyBack Achievers ETF,101.52,-0.22,-0.22%,"11,576",103.79,95.67,
IPAC,iShares Core MSCI Pacific ETF,59.84,-0.13,-0.22%,"91,149",61.91,58.41,
BBJP,JPMorgan BetaBuilders Japan ETF,54.99,-0.12,-0.22%,1.411M,56.88,52.88,
IDEV,iShares Core MSCI International Developed Markets ETF,64.09,-0.14,-0.22%,"572,817",65.50,61.80,
PBUS,Invesco MSCI USA ETF,50.01,-0.11,-0.22%,"11,847",51.17,46.63,
VDE,Vanguard Energy Index Fund ETF Shares,130.68,-0.29,-0.22%,"443,149",126.02,121.71,
KORP,American Century Diversified Corporate Bond ETF,45.02,-0.10,-0.22%,"10,337",45.89,45.41,
ICOW,Pacer Developed Markets International Cash Cows 100 ETF,31.08,-0.07,-0.22%,"422,456",31.33,30.56,
IWB,iShares Russell 1000 ETF,274.48,-0.62,-0.23%,"410,661",280.97,256.36,
RTH,VanEck Retail ETF,198.72,-0.45,-0.23%,"3,566",204.56,184.65,
ESGU,iShares ESG Aware MSCI USA ETF,109.58,-0.25,-0.23%,"418,422",112.24,102.52,
VOO,Vanguard S&P 500 ETF,458.94,-1.05,-0.23%,5.211M,469.35,428.31,
IEI,iShares 3-7 Year Treasury Bond ETF,113.56,-0.26,-0.23%,1.187M,115.25,114.79,
FALN,iShares Fallen Angels USD Bond ETF,26.01,-0.06,-0.23%,"657,598",26.54,25.73,
IVV,iShares Core S&P 500 ETF,501.88,-1.16,-0.23%,3.962M,513.12,468.35,
BAB,Invesco Taxable Municipal Bond ETF,25.88,-0.06,-0.23%,"131,940",26.40,26.05,
FENY,Fidelity MSCI Energy Index ETF,25.69,-0.06,-0.23%,"880,405",24.75,23.90,
VCIT,Vanguard Intermediate-Term Corporate Bond Index Fund ETF Shares,78.15,-0.19,-0.24%,7.851M,79.74,78.46,
XLG,Invesco S&P 500 Top 50 ETF,40.54,-0.10,-0.25%,1.034M,41.38,37.32,
SMMD,iShares Russell 2500 ETF,60.34,-0.15,-0.25%,"48,639",63.02,58.58,
IGEB,iShares Investment Grade Systematic Bond ETF,43.46,-0.11,-0.25%,"193,324",44.41,43.73,
IEFA,iShares Core MSCI EAFE ETF,70.77,-0.18,-0.25%,9.814M,72.43,68.31,
IWL,iShares Russell Top 200 ETF,121.68,-0.31,-0.25%,"88,727",124.35,113.05,
COWZ,Pacer US Cash Cows 100 ETF,54.84,-0.14,-0.25%,1.897M,55.28,51.48,
GRNB,VanEck Green Bond ETF,23.24,-0.06,-0.26%,"39,905",23.57,23.22,
BIV,Vanguard Intermediate-Term Bond Index Fund,73.29,-0.19,-0.26%,1.068M,74.78,74.17,
AIRR,First Trust RBA American Industrial RenaissanceTM ETF,61.64,-0.16,-0.26%,"62,338",63.31,55.66,
HTAB,Hartford Schroders Tax-Aware Bond ETF,19.16,-0.05,-0.26%,"175,089",19.44,19.11,
SUSA,iShares MSCI USA ESG Select ETF,103.09,-0.27,-0.26%,"62,527",106.31,97.76,
VGIT,Vanguard Intermediate-Term Treasury Index Fund ETF Shares,57.24,-0.15,-0.26%,1.716M,58.21,58.06,
ESGD,iShares ESG Aware MSCI EAFE ETF,76.22,-0.20,-0.26%,"290,362",77.97,73.46,
CALF,Pacer US Small Cap Cash Cows 100 ETF,45.38,-0.12,-0.26%,2.705M,47.74,44.44,
WOMN,Impact Shares YWCA Women's Empowerment ETF,34.52,-0.09,-0.26%,438,35.43,32.60,
CWS,AdvisorShares Focused Equity ETF,59.74,-0.16,-0.27%,"9,947",61.78,56.66,
SCHR,Schwab Intermediate-Term U.S. Treasury ETF,47.93,-0.13,-0.27%,"940,367",48.76,48.68,
XMHQ,Invesco S&P MidCap Quality ETF,102.58,-0.28,-0.27%,"403,460",104.41,88.70,
SCHX,Schwab U.S. Large-Cap ETF,59.16,-0.17,-0.29%,1.917M,60.58,55.18,
HTUS,Hull Tactical US ETF,38.30,-0.11,-0.29%,"4,229",38.69,34.95,
GSJY,Goldman Sachs ActiveBeta Japan Equity ETF,36.89,-0.11,-0.29%,473,38.12,35.29,
SPTI,SPDR Portfolio Intermediate Term Treasury ETF,27.53,-0.08,-0.29%,1.757M,28.01,27.96,
NUMG,Nuveen ESG Mid-Cap Growth ETF,40.99,-0.12,-0.29%,"22,256",43.40,40.05,
URTH,iShares MSCI World ETF,138.11,-0.41,-0.30%,"199,435",141.21,129.90,
JCPB,JPMorgan Core Plus Bond ETF,45.37,-0.14,-0.30%,"240,227",46.22,45.80,
TLTD,FlexShares Morningstar Developed Markets ex-US Factor Tilt Index Fund,68.63,-0.21,-0.30%,"13,494",69.75,66.08,
XSMO,Invesco S&P SmallCap Momentum ETF,56.16,-0.17,-0.30%,"47,141",58.19,52.65,
TOK,iShares MSCI Kokusai ETF,102.55,-0.31,-0.30%,"1,123",104.72,96.41,
XLE,Energy Select Sector SPDR Fund,93.84,-0.29,-0.31%,12.772M,90.36,87.03,
PTNQ,Pacer Trendpilot 100 ETF,66.96,-0.21,-0.31%,"67,509",68.07,64.62,
SECT,Main Sector Rotation ETF,47.74,-0.15,-0.31%,"77,644",49.21,45.34,
EUDG,WisdomTree Europe Quality Dividend Growth Fund,30.88,-0.10,-0.31%,"7,818",32.05,30.57,
EWJV,iShares MSCI Japan Value ETF,31.62,-0.10,-0.32%,"75,682",32.17,29.50,
IHDG,WisdomTree International Hedged Quality Dividend Growth Fund,44.09,-0.14,-0.32%,"451,694",44.77,41.23,
EWT,iShares MSCI Taiwan ETF,46.69,-0.15,-0.32%,3.454M,47.69,46.44,
MBB,iShares MBS ETF,89.72,-0.29,-0.32%,2.496M,91.68,91.14,
SPHQ,Invesco S&P 500 Quality ETF,58.00,-0.19,-0.33%,1.11M,59.00,53.72,
MFUS,PIMCO RAFI Dynamic Multi-Factor U.S. Equity ETF,44.39,-0.15,-0.33%,"11,796",45.54,41.28,
FFIU,Fieldstone UVA Unconstrained Medium-Term Fixed Income ETF,21.11,-0.07,-0.33%,1,21.78,21.51,
SPMB,SPDR Portfolio Mortgage Backed Bond ETF,21.06,-0.07,-0.33%,"558,810",21.52,21.37,
SPXE,ProShares S&P 500 ex-Energy ETF,53.42,-0.18,-0.33%,332,54.74,49.84,
NACP,Impact Shares NAACP Minority Empowerment ETF,36.60,-0.12,-0.33%,"5,471",37.35,33.65,
ESG,FlexShares STOXX US ESG Select Index Fund,120.26,-0.40,-0.33%,"43,033",123.76,113.74,
DSI,iShares MSCI KLD 400 Social ETF,95.31,-0.32,-0.33%,"89,050",98.05,89.06,
LGOV,First Trust Long Duration Opportunities ETF,20.38,-0.07,-0.34%,"357,169",21.19,21.15,
BOUT,Innovator IBD Breakout Opportunities ETF,32.96,-0.11,-0.34%,509,35.03,32.38,
IOO,iShares Global 100 ETF,86.34,-0.30,-0.35%,"88,111",87.28,79.64,
XLI,Industrial Select Sector SPDR Fund,120.69,-0.42,-0.35%,9.195M,121.78,110.79,
QQXT,First Trust NASDAQ-100 Ex-Technology Sector Index Fund,85.46,-0.30,-0.35%,"3,545",89.03,85.42,
IEF,iShares 7-10 Year Treasury Bond ETF,91.62,-0.32,-0.35%,6.958M,93.80,93.75,
DIVI,Franklin International Core Dividend Tilt Index ETF,30.68,-0.11,-0.36%,"217,237",31.48,29.69,
FLN,First Trust Latin America AlphaDEX Fund,19.17,-0.07,-0.36%,889,20.27,19.45,
ESGG,FlexShares STOXX Global ESG Select Index Fund,155.48,-0.57,-0.36%,28,159.60,146.37,
JMBS,Janus Henderson Mortgage-Backed Securities ETF,43.67,-0.16,-0.37%,"388,997",44.73,44.54,
QEFA,SPDR MSCI EAFE StrategicFactors ETF,72.83,-0.27,-0.37%,"38,959",74.62,70.87,
SQLV,Royce Quant Small-Cap Quality Value ETF,38.30,-0.14,-0.37%,747,40.37,38.23,
VOOG,Vanguard S&P 500 Growth Index Fund ETF Shares,293.20,-1.09,-0.37%,"112,395",299.41,269.44,
VMBS,Vanguard Mortgage-Backed Securities Index Fund ETF Shares,44.29,-0.17,-0.38%,1.147M,45.23,44.93,
IWY,iShares Russell Top 200 Growth ETF,187.59,-0.74,-0.39%,"230,068",192.30,171.64,
EWL,iShares MSCI Switzerland ETF,45.18,-0.18,-0.40%,"420,120",47.01,45.95,
THD,iShares MSCI Thailand ETF,57.54,-0.23,-0.40%,"117,379",59.48,62.80,
CZA,Invesco Zacks Mid-Cap ETF,95.07,-0.38,-0.40%,"1,440",97.48,90.74,
DNL,WisdomTree Global ex-U.S. Quality Dividend Growth Fund,37.27,-0.15,-0.40%,"31,927",38.14,35.84,
NULG,Nuveen ESG Large-Cap Growth ETF,71.85,-0.29,-0.40%,"59,797",74.39,66.73,
SPXN,ProShares S&P 500 ex-Financials ETF,54.03,-0.22,-0.41%,"2,450",55.16,50.36,
NFTY,First Trust India NIFTY 50 Equal Weight ETF,55.66,-0.23,-0.41%,"19,451",56.68,51.63,
PSC,Principal U.S. Small-Cap ETF,45.95,-0.19,-0.42%,"21,502",47.77,43.87,
UITB,VictoryShares Core Intermediate Bond ETF,45.13,-0.19,-0.42%,"145,650",46.03,45.58,
VONG,Vanguard Russell 1000 Growth Index Fund ETF Shares,83.01,-0.35,-0.42%,"630,802",85.31,76.22,
ONEQ,Fidelity Nasdaq Composite Index ETF,61.51,-0.26,-0.42%,"156,200",63.34,57.38,
IMCG,iShares Morningstar Mid-Cap Growth ETF,65.87,-0.28,-0.42%,"157,039",68.48,62.31,
SCHG,Schwab U.S. Large-Cap Growth ETF,89.02,-0.39,-0.44%,1.322M,91.20,81.10,
PEXL,Pacer US Export Leaders ETF,46.42,-0.20,-0.44%,"1,673",48.06,44.37,
QARP,Xtrackers Russell 1000 US QARP ETF,46.69,-0.21,-0.44%,"14,685",47.56,44.05,
SMLF,iShares U.S. Small-Cap Equity Factor ETF,58.71,-0.26,-0.44%,"161,973",61.07,55.88,
DWAT,Arrow DWA Tactical: Macro ETF,10.39,-0.05,-0.44%,"1,825",10.69,10.19,
IHI,iShares U.S. Medical Devices ETF,54.53,-0.25,-0.46%,1.311M,57.18,53.04,
BBAX,JPMorgan BetaBuilders Developed Asia Pacific ex-Japan ETF,45.79,-0.21,-0.46%,"247,059",47.89,46.97,
SPHB,Invesco S&P 500 High Beta ETF,80.33,-0.37,-0.46%,"856,675",84.29,77.20,
DRSK,Aptus Defined Risk ETF,25.83,-0.12,-0.46%,"411,047",26.27,24.91,
FBZ,First Trust Brazil AlphaDEX Fund,11.11,-0.05,-0.47%,"1,921",11.92,11.19,
TMFC,Motley Fool 100 Index ETF,47.60,-0.23,-0.48%,"32,338",48.74,43.73,
VCR,Vanguard Consumer Discretionary Index Fund ETF Shares,294.49,-1.44,-0.49%,"36,388",309.48,290.27,
IQLT,iShares MSCI Intl Quality Factor ETF,37.71,-0.19,-0.50%,1.629M,38.87,36.21,
IGM,iShares Expanded Tech Sector ETF,82.31,-0.42,-0.51%,"283,385",84.74,72.78,
SPYG,SPDR Portfolio S&P 500 Growth ETF,70.30,-0.36,-0.51%,2.096M,71.91,64.71,
QGRO,American Century U.S. Quality Growth ETF,79.67,-0.41,-0.51%,"20,402",82.77,74.01,
IDHQ,Invesco S&P International Developed Quality ETF,29.18,-0.15,-0.51%,"32,029",30.06,27.85,
FDIS,Fidelity MSCI Consumer Discretionary Index ETF,76.39,-0.40,-0.52%,"48,815",80.28,75.24,
FV,First Trust Dorsey Wright Focus 5 ETF,53.20,-0.28,-0.52%,"83,648",55.51,49.31,
QQQE,Direxion NASDAQ-100 Equal Weighted Index Shares,83.53,-0.44,-0.52%,"408,972",87.64,80.90,
IUSG,iShares Core S&P U.S. Growth ETF,112.39,-0.60,-0.53%,"297,631",115.02,103.48,
MOTG,VanEck Morningstar Global Wide Moat ETF,34.42,-0.18,-0.53%,735,35.71,34.11,
ILCG,iShares Morningstar Growth ETF,72.25,-0.39,-0.54%,"117,319",74.23,66.38,
SPGP,Invesco S&P 500 GARP ETF,100.03,-0.54,-0.54%,"259,431",102.39,95.64,
IWF,iShares Russell 1000 Growth ETF,322.48,-1.76,-0.54%,2.827M,331.46,296.24,
CNXT,VanEck ChiNext ETF,22.71,-0.13,-0.55%,"1,187",23.05,24.68,
LIT,Global X Lithium & Battery Tech ETF,42.91,-0.24,-0.56%,"275,949",44.44,51.25,
QQQ,Invesco QQQ Trust,423.41,-2.43,-0.57%,45.89M,437.85,395.91,
XMVM,Invesco S&P MidCap Value with Momentum ETF,50.28,-0.29,-0.57%,"4,419",51.51,48.17,
FEMS,First Trust Emerging Markets Small Cap AlphaDEX Fund,38.10,-0.22,-0.57%,"26,625",38.90,38.09,
IVW,iShares S&P 500 Growth ETF,81.12,-0.48,-0.59%,2.098M,83.01,74.71,
QQEW,First Trust NASDAQ-100 Equal Weighted Index Fund,116.01,-0.69,-0.59%,"43,696",121.76,112.40,
SPMO,Invesco S&P 500 Momentum ETF,76.65,-0.46,-0.60%,"190,183",78.02,64.87,
DALI,First Trust Dorsey Wright DALI 1 ETF,22.40,-0.14,-0.61%,"15,404",23.38,23.85,
VUG,Vanguard Growth Index Fund ETF Shares,329.90,-2.03,-0.61%,1.042M,339.38,303.48,
MGK,Vanguard Mega Cap Growth Index Fund,274.50,-1.70,-0.62%,"265,447",283.33,253.49,
XLY,Consumer Discretionary Select Sector SPDR Fund,171.26,-1.07,-0.62%,4.666M,179.99,171.33,
IETC,iShares U.S. Tech Independence Focused ETF,67.26,-0.43,-0.64%,"32,251",69.64,60.68,
FTXN,First Trust Nasdaq Oil & Gas ETF,31.86,-0.20,-0.64%,"36,312",30.71,29.24,
XMMO,Invesco S&P MidCap Momentum ETF,107.14,-0.69,-0.64%,"187,838",109.11,89.82,
IYW,iShares U.S. Technology ETF,128.41,-0.93,-0.72%,1.462M,133.39,118.42,
FIVG,Defiance 5G Next Gen Connectivity ETF,36.18,-0.27,-0.73%,"13,718",38.31,34.39,
PRN,Invesco Dorsey Wright Industrials Momentum ETF,131.38,-0.99,-0.75%,"9,055",133.67,114.06,
LEAD,Siren DIVCON Leaders Dividend ETF,61.58,-0.47,-0.75%,"6,550",64.28,59.20,
QTUM,Defiance Quantum ETF,56.30,-0.43,-0.76%,"25,465",59.62,52.79,
FXL,First Trust Technology AlphaDEX Fund,125.62,-0.99,-0.78%,"51,463",134.05,121.77,
KURE,KraneShares MSCI All China Health Care Index ETF,13.88,-0.11,-0.79%,"14,935",14.96,16.85,
CNRG,SPDR Kensho Clean Power ETF,57.25,-0.46,-0.79%,"12,641",62.97,68.30,
VFMO,Vanguard U.S. Momentum Factor ETF ETF Shares,140.23,-1.14,-0.81%,"32,241",146.38,127.30,
DWAS,Invesco DWA SmallCap Momentum ETF,81.88,-0.67,-0.81%,"27,696",88.20,80.52,
PSET,Principal Quality ETF,63.81,-0.53,-0.82%,"1,627",66.23,59.68,
FTEC,Fidelity MSCI Information Technology Index ETF,146.47,-1.31,-0.89%,"193,495",153.68,138.19,
INDS,Pacer Benchmark Industrial Real Estate SCTR ETF,35.39,-0.32,-0.91%,"23,882",38.88,38.03,
VGT,Vanguard Information Technology Index Fund ETF Shares,492.97,-4.72,-0.95%,"538,153",517.30,465.80,
PTF,Invesco Dorsey Wright Technology Momentum ETF,52.79,-0.51,-0.96%,"13,222",55.65,49.38,
IXN,iShares Global Tech ETF,70.59,-0.72,-1.01%,1.579M,73.66,65.70,
IEO,iShares U.S. Oil & Gas Exploration & Production ETF,105.57,-1.08,-1.01%,"161,784",101.26,96.08,
QMOM,Alpha Architect U.S. Quantitative Momentum ETF,54.86,-0.62,-1.12%,"15,334",56.84,48.90,
XLK,Technology Select Sector SPDR Fund,196.58,-2.27,-1.14%,7.639M,206.12,185.25,
QLD,ProShares Ultra QQQ,79.13,-0.98,-1.22%,3.858M,85.35,71.73,
PXE,Invesco Dynamic Energy Exploration & Production ETF,34.88,-0.44,-1.25%,"45,275",33.81,31.82,
FTXL,First Trust Nasdaq Semiconductor ETF,82.72,-1.41,-1.68%,"35,165",87.90,76.29,
SOXX,iShares Semiconductor ETF,206.63,-3.73,-1.77%,5.135M,218.63,183.26,
SMH,VanEck Semiconductor ETF,208.63,-3.77,-1.77%,10.299M,216.64,173.05,
PSI,Invesco Semiconductors ETF,52.16,-1.05,-1.97%,"58,099",54.58,47.33,
XSD,SPDR S&P Semiconductor ETF,210.17,-4.27,-1.99%,"33,852",224.92,210.45,
GXG,Global X MSCI Colombia ETF,24.69,-0.56,-2.22%,"15,770",24.29,22.32,
PTH,Invesco Dorsey Wright Healthcare Momentum ETF,39.53,-0.98,-2.42%,"8,541",43.54,37.84,
